{
  "eye": {
    "orientation": [
      0.44692519307136536,
      0.5942835211753845,
      -0.17384831607341766,
      0.6456483602523804
    ],
    "magnitude": 0.3065876066684723,
    "position": [
      1610.803466796875,
      -883.4541015625,
      132.18899536132812
    ]
  },
  "radius": 793.2212524414062,
  "type": "PERSPECTIVE"
}